order_id,order_date,name,email,total_amount
1,2024-05-01,"Alice Johnson",alice.j@example.com,79.98
2,2024-05-03,"Bob Smith",bob.s@example.com,129.99
3,2024-05-04,"Alice Johnson",alice.j@example.com,49.99
4,2024-05-05,"Charlie Brown",charlie.b@example.com,24.99
5,2024-05-06,"Bob Smith",bob.s@example.com,89.99
6,2024-05-07,"Daisy Ridley",daisy.r@example.com,59.99
7,2024-05-08,"Charlie Brown",charlie.b@example.com,39.99
8,2024-05-09,"Alice Johnson",alice.j@example.com,19.99
9,2024-05-10,"Bob Smith",bob.s@example.com,159.99
10,2024-05-11,"Leenus Raj",leenus.r@exampl.net,49.99
11,2024-05-12,"Alice Johnson",alice.j@example.com,79.99
12,2024-05-13,Sathishan,sathish.r@exampl.net,139.99
13,2024-05-14,"Charlie Brown",charlie.b@example.com,199.99
14,2024-05-15,"Daisy Ridley",daisy.r@example.com,29.99
15,2024-05-16,"Leenus Raj",leenus.r@exampl.net,99.99
16,2024-05-17,"Alice Johnson",alice.j@example.com,149.99
17,2024-05-18,"Bob Smith",bob.s@example.com,79.99
18,2024-05-19,"Charlie Brown",charlie.b@example.com,59.99
19,2024-05-20,Sathishan,sathish.r@exampl.net,129.99
20,2024-05-21,"Daisy Ridley",daisy.r@example.com,99.99
21,2024-05-22,"Leenus Raj",leenus.r@exampl.net,79.99
22,2024-05-23,"Alice Johnson",alice.j@example.com,59.99
23,2024-05-24,"Bob Smith",bob.s@example.com,199.99
24,2024-05-25,"Charlie Brown",charlie.b@example.com,149.99
25,2024-05-26,"Daisy Ridley",daisy.r@example.com,89.99
26,2024-05-27,"Leenus Raj",leenus.r@exampl.net,129.99
27,2024-05-28,"Alice Johnson",alice.j@example.com,169.99
28,2024-05-29,Sathishan,sathish.r@exampl.net,49.99
29,2024-05-30,"Bob Smith",bob.s@example.com,189.99
30,2024-06-01,"Charlie Brown",charlie.b@example.com,69.99
31,2024-06-02,"Daisy Ridley",daisy.r@example.com,39.99
32,2024-06-03,"Leenus Raj",leenus.r@exampl.net,109.99
33,2024-06-04,"Alice Johnson",alice.j@example.com,149.99
34,2024-06-05,"Bob Smith",bob.s@example.com,89.99
35,2024-06-06,"Charlie Brown",charlie.b@example.com,129.99
36,2024-06-07,Sathishan,sathish.r@exampl.net,59.99
37,2024-06-08,"Daisy Ridley",daisy.r@example.com,99.99
38,2024-06-09,"Leenus Raj",leenus.r@exampl.net,149.99
39,2024-06-10,"Alice Johnson",alice.j@example.com,79.99
40,2024-06-11,"Bob Smith",bob.s@example.com,159.99
41,2024-06-12,"Charlie Brown",charlie.b@example.com,119.99
42,2024-06-13,"Daisy Ridley",daisy.r@example.com,89.99
43,2024-06-14,"Leenus Raj",leenus.r@exampl.net,199.99
44,2024-06-15,"Alice Johnson",alice.j@example.com,169.99
45,2024-06-16,"Bob Smith",bob.s@example.com,59.99
46,2024-06-17,"Charlie Brown",charlie.b@example.com,109.99
47,2024-06-18,Sathishan,sathish.r@exampl.net,149.99
48,2024-06-19,"Daisy Ridley",daisy.r@example.com,99.99
49,2024-06-20,"Leenus Raj",leenus.r@exampl.net,129.99
50,2024-06-21,"Alice Johnson",alice.j@example.com,149.99
51,2024-06-22,"Bob Smith",bob.s@example.com,79.99
52,2024-06-23,"Charlie Brown",charlie.b@example.com,189.99
53,2024-06-24,"Daisy Ridley",daisy.r@example.com,99.99
54,2024-06-25,"Leenus Raj",leenus.r@exampl.net,169.99
55,2024-06-26,"Alice Johnson",alice.j@example.com,129.99
56,2024-06-27,"Bob Smith",bob.s@example.com,69.99
57,2024-06-28,"Charlie Brown",charlie.b@example.com,149.99
58,2024-06-29,Sathishan,sathish.r@exampl.net,199.99
59,2024-06-30,"Daisy Ridley",daisy.r@example.com,79.99
60,2024-07-01,"Leenus Raj",leenus.r@exampl.net,119.99
61,2024-07-02,"Alice Johnson",alice.j@example.com,99.99
62,2024-07-03,"Bob Smith",bob.s@example.com,89.99
63,2024-07-04,"Charlie Brown",charlie.b@example.com,159.99
64,2024-07-05,"Daisy Ridley",daisy.r@example.com,199.99
65,2024-07-06,"Leenus Raj",leenus.r@exampl.net,169.99
66,2024-07-07,"Alice Johnson",alice.j@example.com,59.99
67,2024-07-08,"Bob Smith",bob.s@example.com,129.99
68,2024-07-09,"Charlie Brown",charlie.b@example.com,109.99
69,2024-07-10,Sathishan,sathish.r@exampl.net,149.99
70,2024-07-11,"Daisy Ridley",daisy.r@example.com,89.99
71,2024-07-12,"Leenus Raj",leenus.r@exampl.net,159.99
72,2024-07-13,"Alice Johnson",alice.j@example.com,139.99
73,2024-07-14,"Bob Smith",bob.s@example.com,79.99
74,2024-07-15,"Charlie Brown",charlie.b@example.com,119.99
75,2024-07-16,"Daisy Ridley",daisy.r@example.com,199.99
76,2024-07-17,"Leenus Raj",leenus.r@exampl.net,169.99
77,2024-07-18,"Alice Johnson",alice.j@example.com,59.99
78,2024-07-19,"Bob Smith",bob.s@example.com,129.99
79,2024-07-20,"Charlie Brown",charlie.b@example.com,109.99
80,2024-07-21,Sathishan,sathish.r@exampl.net,149.99
81,2024-07-22,"Daisy Ridley",daisy.r@example.com,89.99
82,2024-07-23,"Leenus Raj",leenus.r@exampl.net,159.99
83,2024-07-24,"Alice Johnson",alice.j@example.com,139.99
84,2024-07-25,"Bob Smith",bob.s@example.com,79.99
85,2024-07-26,"Charlie Brown",charlie.b@example.com,119.99
86,2024-07-27,"Daisy Ridley",daisy.r@example.com,199.99
87,2024-07-28,"Leenus Raj",leenus.r@exampl.net,169.99
88,2024-07-29,"Alice Johnson",alice.j@example.com,59.99
89,2024-07-30,"Bob Smith",bob.s@example.com,129.99
90,2024-07-31,"Charlie Brown",charlie.b@example.com,109.99
91,2024-08-01,Sathishan,sathish.r@exampl.net,149.99
92,2024-08-02,"Daisy Ridley",daisy.r@example.com,89.99
93,2024-08-03,"Leenus Raj",leenus.r@exampl.net,159.99
94,2024-08-04,"Alice Johnson",alice.j@example.com,139.99
95,2024-08-05,"Bob Smith",bob.s@example.com,79.99
96,2024-08-06,"Charlie Brown",charlie.b@example.com,119.99
97,2024-08-07,"Daisy Ridley",daisy.r@example.com,199.99
98,2024-08-08,"Leenus Raj",leenus.r@exampl.net,169.99
99,2024-08-09,"Alice Johnson",alice.j@example.com,59.99
100,2024-08-10,"Bob Smith",bob.s@example.com,129.99
101,2024-08-11,"Charlie Brown",charlie.b@example.com,109.99
102,2024-08-12,Sathishan,sathish.r@exampl.net,149.99
103,2024-08-13,"Daisy Ridley",daisy.r@example.com,89.99
104,2024-08-14,"Leenus Raj",leenus.r@exampl.net,159.99
105,2024-08-15,"Alice Johnson",alice.j@example.com,139.99
106,2024-08-16,"Bob Smith",bob.s@example.com,79.99
107,2024-08-17,"Charlie Brown",charlie.b@example.com,119.99
108,2024-08-18,"Daisy Ridley",daisy.r@example.com,199.99
109,2024-08-19,"Leenus Raj",leenus.r@exampl.net,169.99
110,2024-08-20,"Alice Johnson",alice.j@example.com,59.99
111,2024-08-21,"Bob Smith",bob.s@example.com,129.99
112,2024-08-22,"Charlie Brown",charlie.b@example.com,109.99
113,2024-08-23,Sathishan,sathish.r@exampl.net,149.99
114,2024-08-24,"Daisy Ridley",daisy.r@example.com,89.99
115,2024-08-25,"Leenus Raj",leenus.r@exampl.net,159.99
116,2024-08-26,"Alice Johnson",alice.j@example.com,139.99
117,2024-08-27,"Bob Smith",bob.s@example.com,79.99
118,2024-08-28,"Charlie Brown",charlie.b@example.com,119.99
119,2024-08-29,"Daisy Ridley",daisy.r@example.com,199.99
120,2024-08-30,"Leenus Raj",leenus.r@exampl.net,169.99
121,2024-08-31,"Alice Johnson",alice.j@example.com,59.99
122,2024-09-01,"Bob Smith",bob.s@example.com,129.99
123,2024-09-02,"Charlie Brown",charlie.b@example.com,109.99
124,2024-09-03,Sathishan,sathish.r@exampl.net,149.99
125,2024-09-04,"Daisy Ridley",daisy.r@example.com,89.99
126,2024-09-06,"Leenus Raj",leenus.r@exampl.net,99.32
127,2024-09-07,Sathishan,sathish.r@exampl.net,150.00
128,2024-09-08,Sreethar,sreethar.s@exampl.net,200.00
129,2024-09-09,101.9184@example.com,Name633,250.00
130,2024-09-10,"Eva Lee",eva.l@example.com,300.00
131,2024-09-11,"Olivia Brown",olivia.b@example.com,350.00
132,2024-09-12,"David Kim",david.k@example.com,400.00
133,2024-09-13,"Emily Chen",emily.c@example.com,450.00
134,2024-09-14,"Kevin White",kevin.w@example.com,500.00
135,2024-09-15,"Sophia Patel",sophia.p@example.com,550.00
136,2024-09-16,"Mike Brown",mike.b@example.com,600.00
137,2024-09-17,"Jack Harris",jack.h@example.com,650.00
138,2024-09-18,"Ava Lee",ava.l@example.com,700.00
139,2024-09-19,"Liam Kim",liam.k@example.com,750.00
140,2024-09-20,"Mia Chen",mia.c@example.com,800.00
141,2024-09-21,"Noah White",noah.w@example.com,850.00
142,2024-09-22,"Isabella Patel",isabella.p@example.com,900.00
143,2024-09-23,"Ethan Brown",ethan.b@example.com,950.00
144,2024-09-24,"Charlotte Harris",charlotte.h@example.com,1000.00
145,2024-09-25,"Abigail Lee",abigail.l@example.com,1050.00
146,2024-09-26,"Logan Kim",logan.k@example.com,1100.00
147,2024-09-27,"Harper Chen",harper.c@example.com,1150.00
148,2024-09-28,"William White",william.w@example.com,1200.00
149,2024-09-29,"Amelia Patel",amelia.p@example.com,1250.00
150,2024-09-30,"Benjamin Brown",benjamin.b@example.com,1300.00
151,2024-10-01,"Alexander Harris",alexander.h@example.com,1350.00
152,2024-10-02,"Aiden Lee",aiden.l@example.com,1400.00
153,2024-10-03,"Elijah Kim",elijah.k@example.com,1450.00
154,2024-10-04,"Lily Chen",lily.c@example.com,1500.00
155,2024-10-05,"Madison White",madison.w@example.com,1550.00
156,2024-10-06,"Jackson Patel",jackson.p@example.com,1600.00
157,2024-10-07,"Gabriel Brown",gabriel.b@example.com,1650.00
158,2024-10-08,"Julian Harris",julian.h@example.com,1700.00
159,2024-10-09,"Sydney Lee",sydney.l@example.com,1750.00
160,2024-10-10,"Caleb Kim",caleb.k@example.com,1800.00
161,2024-10-11,"Riley Chen",riley.c@example.com,1850.00
162,2024-10-12,"Cameron White",cameron.w@example.com,1900.00
163,2024-10-13,"Parker Patel",parker.p@example.com,1950.00
164,2024-10-14,"Cooper Brown",cooper.b@example.com,2000.00
165,2024-10-15,"Brody Harris",brody.h@example.com,2050.00
166,2024-10-16,"Bailey Lee",bailey.l@example.com,2100.00
167,2024-10-17,"Jaxon Kim",jaxon.k@example.com,2150.00
168,2024-10-18,"Savannah Chen",savannah.c@example.com,2200.00
169,2024-10-19,"Rowan White",rowan.w@example.com,2250.00
170,2024-10-20,"River Patel",river.p@example.com,2300.00
171,2024-10-21,"August Brown",august.b@example.com,2350.00
172,2024-10-22,"Daniel Hernandez",daniel.h@example.com,2400.00
173,2024-10-23,"Mia Johnson",mia.j@example.com,2450.00
174,2024-10-24,"Sophia Lee",sophia.lee@example.com,2500.00
175,2024-10-25,"Liam Smith",liam.sim@example.com,2550.00
176,2024-10-26,"Olivia Johnson",olivia.john@example.com,2600.00
177,2024-10-27,"Noah Brown",noah.brown@example.com,2650.00
178,2024-10-28,"Ava Davis",ava.davis@example.com,2700.00
179,2024-10-29,"Isabella Martin",isabella.mart@example.com,2750.00
180,2024-10-30,"Elijah Lee",elijah.lee@example.com,2800.00
181,2024-10-31,"Charlotte Garcia",charlotte.gar@example.com,2850.00
182,2024-11-01,"Amelia Martinez",amelia.mart@example.com,2900.00
183,2024-11-02,"Lucas Robinson",lucas.rob@example.com,2950.00
184,2024-11-03,"Mason Clark",mason.clark@example.com,3000.00
185,2024-11-04,"Harper Rodriguez",harper.rod@example.com,3050.00
186,2024-11-05,"Ethan Lewis",ethan.lew@example.com,3100.00
187,2024-11-06,"Emma Lee",emma.lee@example.com,3150.00
188,2024-11-07,"James Walker",james.walk@example.com,3200.00
189,2024-11-08,"Benjamin Hall",benjamin.hall@example.com,3250.00
190,2024-11-09,"Jack Allen",jack.allen@example.com,3300.00
191,2024-11-10,"Mia Young",mia.young@example.com,3350.00
192,2024-11-11,"Henry Scott",henry.scott@example.com,3400.00
193,2024-11-12,"Scarlett Harris",scarlett.harris@example.com,3450.00
194,2024-11-13,"Alexander Adams",alexander.adams@example.com,3500.00
195,2024-11-14,"Aiden Campbell",aiden.camp@example.com,3550.00
196,2024-11-15,"Sophia Bailey",sophia.bailey@example.com,3600.00
197,2024-11-16,"Ella Carter",ella.carter@example.com,3650.00
198,2024-11-17,"Logan Baker",logan.baker@example.com,3700.00
199,2024-11-18,"Grace Mitchell",grace.mitchell@example.com,3750.00
200,2024-11-19,"Daniel Perez",daniel.pere@example.com,3800.00
201,2024-11-20,"Mila Brooks",mila.brooks@example.com,3850.00
202,2024-11-21,"Sebastian Flores",sebastian.flores@example.com,3900.00
203,2024-11-22,"Zoe Bennett",zoe.bennet@example.com,3950.00
204,2024-11-23,"Jackson Gray",jackson.gray@example.com,4000.00
205,2024-11-24,"Natalie Morales",natalie.morales@example.com,4050.00
206,2024-11-25,"Gabriel Sanders",gabriel.sanders@example.com,4100.00
207,2024-11-26,"Luna Price",luna.price@example.com,4150.00
208,2024-11-27,"Matthew Collins",matthew.coll@example.com,4200.00
209,2024-11-28,"Layla Ward",layla.ward@example.com,4250.00
210,2024-11-29,"Isaac Rivera",isaac.river@example.com,4300.00
211,2024-11-30,"Hannah Cooper",hannah.coop@example.com,4350.00
212,2024-12-01,"David Kim",david.kim@example.com,4400.00
213,2024-12-02,"Riley Patterson",riley.pat@example.com,4450.00
214,2024-12-03,"Joseph Morgan",joseph.mor@example.com,4500.00
215,2024-12-04,"Chloe Foster",chloe.fost@example.com,4550.00
216,2024-12-05,"Joshua Kelly",joshua.kell@example.com,4600.00
217,2024-12-06,"Penelope Richardson",penelope.richard@example.com,4650.00
218,2024-12-07,"Levi Howard",levi.howard@example.com,4700.00
219,2024-12-08,"Zoey Ward",zoey.ward@example.com,4750.00
220,2024-12-09,"Isaiah Cox",isaiah.cox@example.com,4800.00
221,2024-12-10,"Samantha Bell",samantha.bell@example.com,4850.00
222,2024-12-11,"Andrew Rivera",andrew.rivera@example.com,4900.00
223,2024-12-12,"Nora Peterson",nora.peter@example.com,4950.00
224,2024-12-13,"Ryan Henderson",ryan.hender@example.com,5000.00
225,2024-12-14,"Addison Cruz",addison.cruz@example.com,5050.00
226,2024-12-15,"Carter Griffin",carter.grifin@example.com,5100.00
227,2024-12-16,"Lillian Gomez",lillian.gomez@example.com,5150.00
228,2024-12-17,"Wyatt Hughes",wyatt.hughes@example.com,5200.00
229,2024-12-18,"Aurora Edwards",aurora.edwards@example.com,5250.00
230,2024-12-19,"Dylan Stewart",dylan.stew@example.com,5300.00
231,2024-12-20,"Victoria Rogers",victoria.rogers@example.com,5350.00
232,2024-12-21,"Luke Murray",luke.murray@example.com,5400.00
233,2024-12-22,"Aria Harrison",aria.harrrison@example.com,5450.00
234,2024-12-23,"Julian Sanders",julian.sanders@example.com,5500.00
235,2024-12-24,"Evelyn Bryant",evelyn.bryant@example.com,5550.00
236,2024-12-25,"Landon Fisher",landon.fisher@example.com,5600.00
237,2024-12-26,"Aubrey Spencer",aubrey.spencer@example.com,5650.00
238,2024-12-27,"Owen Jenkins",owen.jenkins@example.com,5700.00
239,2024-12-28,"Ella Sullivan",ella.sullivan@example.com,5750.00
240,2024-12-29,"Samuel Woods",samuel.woods@example.com,5800.00
241,2024-12-30,"Zoey Crawford",zoey.crawfood@example.com,5850.00
242,2024-12-31,"Eli Rose",eli.rrose@example.com,5900.00
243,2025-01-01,"Lily Marshall",lily.marsh@example.com,5950.00
244,2025-01-02,"Daniel Hayes",daniel.hayes@example.com,6000.00
245,2025-01-03,"Aurora Kelly",aurora.kelly@example.com,6050.00
246,2025-01-04,"Sophia Baker",sophia.baker2@example.com,6100.00
247,2025-01-05,"Liam Campbell",liam.campbell2@example.com,6150.00
248,2025-01-06,"Emma Gonzalez",emma.gonzalez4@example.com,6200.00
249,2025-01-07,"Noah Allen",noah.allen2@example.com,6250.00
250,2025-01-08,"Charlotte Wright",charlotte.wright2@example.com,6300.00
251,2025-01-09,"Ava Hill",ava.hill3@example.com,6350.00
252,2025-01-10,"Jack Adams",jack.adams3@example.com,6400.00
253,2025-01-11,"Sophia Nelson",sophia.nelson4@example.com,6450.00
