user_id,name,email,order_id,order_date,total_amount
1,"Alice Johnson",alice.j@example.com,1,2024-05-01,79.98
1,"Alice Johnson",alice.j@example.com,3,2024-05-04,49.99
1,"Alice Johnson",alice.j@example.com,8,2024-05-09,19.99
1,"Alice Johnson",alice.j@example.com,11,2024-05-12,79.99
1,"Alice Johnson",alice.j@example.com,16,2024-05-17,149.99
1,"Alice Johnson",alice.j@example.com,22,2024-05-23,59.99
1,"Alice Johnson",alice.j@example.com,27,2024-05-28,169.99
1,"Alice Johnson",alice.j@example.com,33,2024-06-04,149.99
1,"Alice Johnson",alice.j@example.com,39,2024-06-10,79.99
1,"Alice Johnson",alice.j@example.com,44,2024-06-15,169.99
1,"Alice Johnson",alice.j@example.com,50,2024-06-21,149.99
1,"Alice Johnson",alice.j@example.com,55,2024-06-26,129.99
1,"Alice Johnson",alice.j@example.com,61,2024-07-02,99.99
1,"Alice Johnson",alice.j@example.com,66,2024-07-07,59.99
1,"Alice Johnson",alice.j@example.com,72,2024-07-13,139.99
1,"Alice Johnson",alice.j@example.com,77,2024-07-18,59.99
1,"Alice Johnson",alice.j@example.com,83,2024-07-24,139.99
1,"Alice Johnson",alice.j@example.com,88,2024-07-29,59.99
1,"Alice Johnson",alice.j@example.com,94,2024-08-04,139.99
1,"Alice Johnson",alice.j@example.com,99,2024-08-09,59.99
1,"Alice Johnson",alice.j@example.com,105,2024-08-15,139.99
1,"Alice Johnson",alice.j@example.com,110,2024-08-20,59.99
1,"Alice Johnson",alice.j@example.com,116,2024-08-26,139.99
1,"Alice Johnson",alice.j@example.com,121,2024-08-31,59.99
2,"Bob Smith",bob.s@example.com,2,2024-05-03,129.99
2,"Bob Smith",bob.s@example.com,5,2024-05-06,89.99
2,"Bob Smith",bob.s@example.com,9,2024-05-10,159.99
2,"Bob Smith",bob.s@example.com,17,2024-05-18,79.99
2,"Bob Smith",bob.s@example.com,23,2024-05-24,199.99
2,"Bob Smith",bob.s@example.com,29,2024-05-30,189.99
2,"Bob Smith",bob.s@example.com,34,2024-06-05,89.99
2,"Bob Smith",bob.s@example.com,40,2024-06-11,159.99
2,"Bob Smith",bob.s@example.com,45,2024-06-16,59.99
2,"Bob Smith",bob.s@example.com,51,2024-06-22,79.99
2,"Bob Smith",bob.s@example.com,56,2024-06-27,69.99
2,"Bob Smith",bob.s@example.com,62,2024-07-03,89.99
2,"Bob Smith",bob.s@example.com,67,2024-07-08,129.99
2,"Bob Smith",bob.s@example.com,73,2024-07-14,79.99
2,"Bob Smith",bob.s@example.com,78,2024-07-19,129.99
2,"Bob Smith",bob.s@example.com,84,2024-07-25,79.99
2,"Bob Smith",bob.s@example.com,89,2024-07-30,129.99
2,"Bob Smith",bob.s@example.com,95,2024-08-05,79.99
2,"Bob Smith",bob.s@example.com,100,2024-08-10,129.99
2,"Bob Smith",bob.s@example.com,106,2024-08-16,79.99
2,"Bob Smith",bob.s@example.com,111,2024-08-21,129.99
2,"Bob Smith",bob.s@example.com,117,2024-08-27,79.99
2,"Bob Smith",bob.s@example.com,122,2024-09-01,129.99
3,"Charlie Brown",charlie.b@example.com,4,2024-05-05,24.99
3,"Charlie Brown",charlie.b@example.com,7,2024-05-08,39.99
3,"Charlie Brown",charlie.b@example.com,13,2024-05-14,199.99
3,"Charlie Brown",charlie.b@example.com,18,2024-05-19,59.99
3,"Charlie Brown",charlie.b@example.com,24,2024-05-25,149.99
3,"Charlie Brown",charlie.b@example.com,30,2024-06-01,69.99
3,"Charlie Brown",charlie.b@example.com,35,2024-06-06,129.99
3,"Charlie Brown",charlie.b@example.com,41,2024-06-12,119.99
3,"Charlie Brown",charlie.b@example.com,46,2024-06-17,109.99
3,"Charlie Brown",charlie.b@example.com,52,2024-06-23,189.99
3,"Charlie Brown",charlie.b@example.com,57,2024-06-28,149.99
3,"Charlie Brown",charlie.b@example.com,63,2024-07-04,159.99
3,"Charlie Brown",charlie.b@example.com,68,2024-07-09,109.99
3,"Charlie Brown",charlie.b@example.com,74,2024-07-15,119.99
3,"Charlie Brown",charlie.b@example.com,79,2024-07-20,109.99
3,"Charlie Brown",charlie.b@example.com,85,2024-07-26,119.99
3,"Charlie Brown",charlie.b@example.com,90,2024-07-31,109.99
3,"Charlie Brown",charlie.b@example.com,96,2024-08-06,119.99
3,"Charlie Brown",charlie.b@example.com,101,2024-08-11,109.99
3,"Charlie Brown",charlie.b@example.com,107,2024-08-17,119.99
3,"Charlie Brown",charlie.b@example.com,112,2024-08-22,109.99
3,"Charlie Brown",charlie.b@example.com,118,2024-08-28,119.99
3,"Charlie Brown",charlie.b@example.com,123,2024-09-02,109.99
4,"Daisy Ridley",daisy.r@example.com,6,2024-05-07,59.99
4,"Daisy Ridley",daisy.r@example.com,14,2024-05-15,29.99
4,"Daisy Ridley",daisy.r@example.com,20,2024-05-21,99.99
4,"Daisy Ridley",daisy.r@example.com,25,2024-05-26,89.99
4,"Daisy Ridley",daisy.r@example.com,31,2024-06-02,39.99
4,"Daisy Ridley",daisy.r@example.com,37,2024-06-08,99.99
4,"Daisy Ridley",daisy.r@example.com,42,2024-06-13,89.99
4,"Daisy Ridley",daisy.r@example.com,48,2024-06-19,99.99
4,"Daisy Ridley",daisy.r@example.com,53,2024-06-24,99.99
4,"Daisy Ridley",daisy.r@example.com,59,2024-06-30,79.99
4,"Daisy Ridley",daisy.r@example.com,64,2024-07-05,199.99
4,"Daisy Ridley",daisy.r@example.com,70,2024-07-11,89.99
4,"Daisy Ridley",daisy.r@example.com,75,2024-07-16,199.99
4,"Daisy Ridley",daisy.r@example.com,81,2024-07-22,89.99
4,"Daisy Ridley",daisy.r@example.com,86,2024-07-27,199.99
4,"Daisy Ridley",daisy.r@example.com,92,2024-08-02,89.99
4,"Daisy Ridley",daisy.r@example.com,97,2024-08-07,199.99
4,"Daisy Ridley",daisy.r@example.com,103,2024-08-13,89.99
4,"Daisy Ridley",daisy.r@example.com,108,2024-08-18,199.99
4,"Daisy Ridley",daisy.r@example.com,114,2024-08-24,89.99
4,"Daisy Ridley",daisy.r@example.com,119,2024-08-29,199.99
4,"Daisy Ridley",daisy.r@example.com,125,2024-09-04,89.99
5,"Leenus Raj",leenus.r@exampl.net,10,2024-05-11,49.99
5,"Leenus Raj",leenus.r@exampl.net,15,2024-05-16,99.99
5,"Leenus Raj",leenus.r@exampl.net,21,2024-05-22,79.99
5,"Leenus Raj",leenus.r@exampl.net,26,2024-05-27,129.99
5,"Leenus Raj",leenus.r@exampl.net,32,2024-06-03,109.99
5,"Leenus Raj",leenus.r@exampl.net,38,2024-06-09,149.99
5,"Leenus Raj",leenus.r@exampl.net,43,2024-06-14,199.99
5,"Leenus Raj",leenus.r@exampl.net,49,2024-06-20,129.99
5,"Leenus Raj",leenus.r@exampl.net,54,2024-06-25,169.99
5,"Leenus Raj",leenus.r@exampl.net,60,2024-07-01,119.99
5,"Leenus Raj",leenus.r@exampl.net,65,2024-07-06,169.99
5,"Leenus Raj",leenus.r@exampl.net,71,2024-07-12,159.99
5,"Leenus Raj",leenus.r@exampl.net,76,2024-07-17,169.99
5,"Leenus Raj",leenus.r@exampl.net,82,2024-07-23,159.99
5,"Leenus Raj",leenus.r@exampl.net,87,2024-07-28,169.99
5,"Leenus Raj",leenus.r@exampl.net,93,2024-08-03,159.99
5,"Leenus Raj",leenus.r@exampl.net,98,2024-08-08,169.99
5,"Leenus Raj",leenus.r@exampl.net,104,2024-08-14,159.99
5,"Leenus Raj",leenus.r@exampl.net,109,2024-08-19,169.99
5,"Leenus Raj",leenus.r@exampl.net,115,2024-08-25,159.99
5,"Leenus Raj",leenus.r@exampl.net,120,2024-08-30,169.99
5,"Leenus Raj",leenus.r@exampl.net,126,2024-09-06,99.32
6,Sathishan,sathish.r@exampl.net,12,2024-05-13,139.99
6,Sathishan,sathish.r@exampl.net,19,2024-05-20,129.99
6,Sathishan,sathish.r@exampl.net,28,2024-05-29,49.99
6,Sathishan,sathish.r@exampl.net,36,2024-06-07,59.99
6,Sathishan,sathish.r@exampl.net,47,2024-06-18,149.99
6,Sathishan,sathish.r@exampl.net,58,2024-06-29,199.99
6,Sathishan,sathish.r@exampl.net,69,2024-07-10,149.99
6,Sathishan,sathish.r@exampl.net,80,2024-07-21,149.99
6,Sathishan,sathish.r@exampl.net,91,2024-08-01,149.99
6,Sathishan,sathish.r@exampl.net,102,2024-08-12,149.99
6,Sathishan,sathish.r@exampl.net,113,2024-08-23,149.99
6,Sathishan,sathish.r@exampl.net,124,2024-09-03,149.99
6,Sathishan,sathish.r@exampl.net,127,2024-09-07,150.00
7,Sreethar,sreethar.s@exampl.net,128,2024-09-08,200.00
8,101.9184@example.com,Name633,129,2024-09-09,250.00
9,"Eva Lee",eva.l@example.com,130,2024-09-10,300.00
10,"Olivia Brown",olivia.b@example.com,131,2024-09-11,350.00
11,"David Kim",david.k@example.com,132,2024-09-12,400.00
12,"Emily Chen",emily.c@example.com,133,2024-09-13,450.00
13,"Kevin White",kevin.w@example.com,134,2024-09-14,500.00
14,"Sophia Patel",sophia.p@example.com,135,2024-09-15,550.00
15,"Mike Brown",mike.b@example.com,136,2024-09-16,600.00
16,"Jack Harris",jack.h@example.com,137,2024-09-17,650.00
17,"Ava Lee",ava.l@example.com,138,2024-09-18,700.00
18,"Liam Kim",liam.k@example.com,139,2024-09-19,750.00
19,"Mia Chen",mia.c@example.com,140,2024-09-20,800.00
20,"Noah White",noah.w@example.com,141,2024-09-21,850.00
21,"Isabella Patel",isabella.p@example.com,142,2024-09-22,900.00
22,"Ethan Brown",ethan.b@example.com,143,2024-09-23,950.00
23,"Charlotte Harris",charlotte.h@example.com,144,2024-09-24,1000.00
24,"Abigail Lee",abigail.l@example.com,145,2024-09-25,1050.00
25,"Logan Kim",logan.k@example.com,146,2024-09-26,1100.00
26,"Harper Chen",harper.c@example.com,147,2024-09-27,1150.00
27,"William White",william.w@example.com,148,2024-09-28,1200.00
28,"Amelia Patel",amelia.p@example.com,149,2024-09-29,1250.00
29,"Benjamin Brown",benjamin.b@example.com,150,2024-09-30,1300.00
30,"Alexander Harris",alexander.h@example.com,151,2024-10-01,1350.00
31,"Aiden Lee",aiden.l@example.com,152,2024-10-02,1400.00
32,"Elijah Kim",elijah.k@example.com,153,2024-10-03,1450.00
33,"Lily Chen",lily.c@example.com,154,2024-10-04,1500.00
34,"Madison White",madison.w@example.com,155,2024-10-05,1550.00
35,"Jackson Patel",jackson.p@example.com,156,2024-10-06,1600.00
36,"Gabriel Brown",gabriel.b@example.com,157,2024-10-07,1650.00
37,"Julian Harris",julian.h@example.com,158,2024-10-08,1700.00
38,"Sydney Lee",sydney.l@example.com,159,2024-10-09,1750.00
39,"Caleb Kim",caleb.k@example.com,160,2024-10-10,1800.00
40,"Riley Chen",riley.c@example.com,161,2024-10-11,1850.00
41,"Cameron White",cameron.w@example.com,162,2024-10-12,1900.00
42,"Parker Patel",parker.p@example.com,163,2024-10-13,1950.00
43,"Cooper Brown",cooper.b@example.com,164,2024-10-14,2000.00
44,"Brody Harris",brody.h@example.com,165,2024-10-15,2050.00
45,"Bailey Lee",bailey.l@example.com,166,2024-10-16,2100.00
46,"Jaxon Kim",jaxon.k@example.com,167,2024-10-17,2150.00
47,"Savannah Chen",savannah.c@example.com,168,2024-10-18,2200.00
48,"Rowan White",rowan.w@example.com,169,2024-10-19,2250.00
49,"River Patel",river.p@example.com,170,2024-10-20,2300.00
50,"August Brown",august.b@example.com,171,2024-10-21,2350.00
51,"Daniel Hernandez",daniel.h@example.com,172,2024-10-22,2400.00
52,"Mia Johnson",mia.j@example.com,173,2024-10-23,2450.00
53,"Sophia Lee",sophia.lee@example.com,174,2024-10-24,2500.00
54,"Liam Smith",liam.sim@example.com,175,2024-10-25,2550.00
55,"Olivia Johnson",olivia.john@example.com,176,2024-10-26,2600.00
56,"Noah Brown",noah.brown@example.com,177,2024-10-27,2650.00
57,"Ava Davis",ava.davis@example.com,178,2024-10-28,2700.00
58,"Isabella Martin",isabella.mart@example.com,179,2024-10-29,2750.00
59,"Elijah Lee",elijah.lee@example.com,180,2024-10-30,2800.00
60,"Charlotte Garcia",charlotte.gar@example.com,181,2024-10-31,2850.00
61,"Amelia Martinez",amelia.mart@example.com,182,2024-11-01,2900.00
62,"Lucas Robinson",lucas.rob@example.com,183,2024-11-02,2950.00
63,"Mason Clark",mason.clark@example.com,184,2024-11-03,3000.00
64,"Harper Rodriguez",harper.rod@example.com,185,2024-11-04,3050.00
65,"Ethan Lewis",ethan.lew@example.com,186,2024-11-05,3100.00
66,"Emma Lee",emma.lee@example.com,187,2024-11-06,3150.00
67,"James Walker",james.walk@example.com,188,2024-11-07,3200.00
68,"Benjamin Hall",benjamin.hall@example.com,189,2024-11-08,3250.00
69,"Jack Allen",jack.allen@example.com,190,2024-11-09,3300.00
70,"Mia Young",mia.young@example.com,191,2024-11-10,3350.00
71,"Henry Scott",henry.scott@example.com,192,2024-11-11,3400.00
72,"Scarlett Harris",scarlett.harris@example.com,193,2024-11-12,3450.00
73,"Alexander Adams",alexander.adams@example.com,194,2024-11-13,3500.00
74,"Aiden Campbell",aiden.camp@example.com,195,2024-11-14,3550.00
75,"Sophia Bailey",sophia.bailey@example.com,196,2024-11-15,3600.00
76,"Ella Carter",ella.carter@example.com,197,2024-11-16,3650.00
77,"Logan Baker",logan.baker@example.com,198,2024-11-17,3700.00
78,"Grace Mitchell",grace.mitchell@example.com,199,2024-11-18,3750.00
79,"Daniel Perez",daniel.pere@example.com,200,2024-11-19,3800.00
80,"Mila Brooks",mila.brooks@example.com,201,2024-11-20,3850.00
81,"Sebastian Flores",sebastian.flores@example.com,202,2024-11-21,3900.00
82,"Zoe Bennett",zoe.bennet@example.com,203,2024-11-22,3950.00
83,"Jackson Gray",jackson.gray@example.com,204,2024-11-23,4000.00
84,"Natalie Morales",natalie.morales@example.com,205,2024-11-24,4050.00
85,"Gabriel Sanders",gabriel.sanders@example.com,206,2024-11-25,4100.00
86,"Luna Price",luna.price@example.com,207,2024-11-26,4150.00
87,"Matthew Collins",matthew.coll@example.com,208,2024-11-27,4200.00
88,"Layla Ward",layla.ward@example.com,209,2024-11-28,4250.00
89,"Isaac Rivera",isaac.river@example.com,210,2024-11-29,4300.00
90,"Hannah Cooper",hannah.coop@example.com,211,2024-11-30,4350.00
91,"David Kim",david.kim@example.com,212,2024-12-01,4400.00
92,"Riley Patterson",riley.pat@example.com,213,2024-12-02,4450.00
93,"Joseph Morgan",joseph.mor@example.com,214,2024-12-03,4500.00
94,"Chloe Foster",chloe.fost@example.com,215,2024-12-04,4550.00
95,"Joshua Kelly",joshua.kell@example.com,216,2024-12-05,4600.00
96,"Penelope Richardson",penelope.richard@example.com,217,2024-12-06,4650.00
97,"Levi Howard",levi.howard@example.com,218,2024-12-07,4700.00
98,"Zoey Ward",zoey.ward@example.com,219,2024-12-08,4750.00
99,"Isaiah Cox",isaiah.cox@example.com,220,2024-12-09,4800.00
100,"Samantha Bell",samantha.bell@example.com,221,2024-12-10,4850.00
101,"Andrew Rivera",andrew.rivera@example.com,222,2024-12-11,4900.00
102,"Nora Peterson",nora.peter@example.com,223,2024-12-12,4950.00
103,"Ryan Henderson",ryan.hender@example.com,224,2024-12-13,5000.00
104,"Addison Cruz",addison.cruz@example.com,225,2024-12-14,5050.00
105,"Carter Griffin",carter.grifin@example.com,226,2024-12-15,5100.00
106,"Lillian Gomez",lillian.gomez@example.com,227,2024-12-16,5150.00
107,"Wyatt Hughes",wyatt.hughes@example.com,228,2024-12-17,5200.00
108,"Aurora Edwards",aurora.edwards@example.com,229,2024-12-18,5250.00
109,"Dylan Stewart",dylan.stew@example.com,230,2024-12-19,5300.00
110,"Victoria Rogers",victoria.rogers@example.com,231,2024-12-20,5350.00
111,"Luke Murray",luke.murray@example.com,232,2024-12-21,5400.00
112,"Aria Harrison",aria.harrrison@example.com,233,2024-12-22,5450.00
113,"Julian Sanders",julian.sanders@example.com,234,2024-12-23,5500.00
114,"Evelyn Bryant",evelyn.bryant@example.com,235,2024-12-24,5550.00
115,"Landon Fisher",landon.fisher@example.com,236,2024-12-25,5600.00
116,"Aubrey Spencer",aubrey.spencer@example.com,237,2024-12-26,5650.00
117,"Owen Jenkins",owen.jenkins@example.com,238,2024-12-27,5700.00
118,"Ella Sullivan",ella.sullivan@example.com,239,2024-12-28,5750.00
119,"Samuel Woods",samuel.woods@example.com,240,2024-12-29,5800.00
120,"Zoey Crawford",zoey.crawfood@example.com,241,2024-12-30,5850.00
121,"Eli Rose",eli.rrose@example.com,242,2024-12-31,5900.00
122,"Lily Marshall",lily.marsh@example.com,243,2025-01-01,5950.00
123,"Daniel Hayes",daniel.hayes@example.com,244,2025-01-02,6000.00
124,"Aurora Kelly",aurora.kelly@example.com,245,2025-01-03,6050.00
126,"Henry Cook",henry.cook@example.com,NULL,NULL,NULL
127,"Scarlett Bell",scarlett.bell@example.com,NULL,NULL,NULL
128,"Leo Sanders",leo.sanders@example.com,NULL,NULL,NULL
129,"Grace Howard",grace.howard@example.com,NULL,NULL,NULL
130,"Benjamin Gray",benjamin.gray@example.com,NULL,NULL,NULL
131,"Samantha Jenkins",samantha.jenkins@example.com,NULL,NULL,NULL
132,"Matthew Murphy",matthew.murphy@example.com,NULL,NULL,NULL
133,"Aubrey Thomas",aubrey.thomas@example.com,NULL,NULL,NULL
134,"Levi Walker",levi.walker@example.com,NULL,NULL,NULL
135,"Aria White",aria.white@example.com,NULL,NULL,NULL
136,"Henry Perez",henry.perez@example.com,NULL,NULL,NULL
137,"Luna Miller",luna.miller@example.com,NULL,NULL,NULL
138,"Alexander Martin",alexander.martin@example.com,NULL,NULL,NULL
139,"Layla Thompson",layla.thompson@example.com,NULL,NULL,NULL
140,"Lucas Johnson",lucas.johnson@example.com,NULL,NULL,NULL
141,"Stella Brown",stella.brown@example.com,NULL,NULL,NULL
142,"Mason Williams",mason.williams@example.com,NULL,NULL,NULL
143,"Chloe Martinez",chloe.martinez@example.com,NULL,NULL,NULL
144,"Ethan Anderson",ethan.anderson@example.com,NULL,NULL,NULL
145,"Ellie Taylor",ellie.taylor@example.com,NULL,NULL,NULL
146,"Michael Harris",michael.harris@example.com,NULL,NULL,NULL
147,"Hannah Martin",hannah.martin@example.com,NULL,NULL,NULL
148,"Daniel Jackson",daniel.jackson@example.com,NULL,NULL,NULL
149,"Isabella Lee",isabella.lee@example.com,NULL,NULL,NULL
150,"Sophia Garcia",sophia.garcia@example.com,NULL,NULL,NULL
151,"Elijah Gonzalez",elijah.gonzalez@example.com,NULL,NULL,NULL
152,"Mila Clark",mila.clark@example.com,NULL,NULL,NULL
153,"James Martinez",james.martinez@example.com,NULL,NULL,NULL
154,"Emma Rodriguez",emma.rodriguez@example.com,NULL,NULL,NULL
155,"Henry Lewis",henry.lewis@example.com,NULL,NULL,NULL
156,"Olivia Young",olivia.young@example.com,NULL,NULL,NULL
157,"Lucas Hill",lucas.hill@example.com,NULL,NULL,NULL
158,"Zoe Scott",zoe.scott@example.com,NULL,NULL,NULL
159,"Jackson Adams",jackson.adams@example.com,NULL,NULL,NULL
160,"Ava Hernandez",ava.hernandez@example.com,NULL,NULL,NULL
161,"Noah Green",noah.green@example.com,NULL,NULL,NULL
162,"Sophia Campbell",sophia.campbell@example.com,NULL,NULL,NULL
163,"Liam Gonzalez",liam.gonzalez@example.com,NULL,NULL,NULL
164,"Mason Allen",mason.allen@example.com,NULL,NULL,NULL
165,"Charlotte Nelson",charlotte.nelson@example.com,NULL,NULL,NULL
166,"Emma Wright",emma.wright@example.com,NULL,NULL,NULL
167,"Jack Baker",jack.baker@example.com,NULL,NULL,NULL
168,"Amelia King",amelia.king@example.com,NULL,NULL,NULL
169,"Sophia Davis",sophia.davis@example.com,NULL,NULL,NULL
170,"Liam Harris",liam.harris@example.com,NULL,NULL,NULL
171,"Olivia Clark",olivia.clark@example.com,NULL,NULL,NULL
172,"Noah Lewis",noah.lewis@example.com,NULL,NULL,NULL
173,"Ava Robinson",ava.robinson@example.com,NULL,NULL,NULL
174,"Mason Martinez",mason.martinez@example.com,NULL,NULL,NULL
175,"Sophia Anderson",sophia.anderson@example.com,NULL,NULL,NULL
176,"Jackson Harris",jackson.harris@example.com,NULL,NULL,NULL
177,"Zoe Thompson",zoe.thompson@example.com,NULL,NULL,NULL
178,"Ava Scott",ava.scott@example.com,NULL,NULL,NULL
179,"Mason Green",mason.green@example.com,NULL,NULL,NULL
180,"Sophia Baker",sophia.baker@example.com,NULL,NULL,NULL
181,"Liam Campbell",liam.campbell@example.com,NULL,NULL,NULL
182,"Emma Gonzalez",emma.gonzalez@example.com,NULL,NULL,NULL
183,"Noah Allen",noah.allen@example.com,NULL,NULL,NULL
184,"Charlotte Wright",charlotte.wright@example.com,NULL,NULL,NULL
185,"Ava Hill",ava.hill@example.com,NULL,NULL,NULL
186,"Jack Adams",jack.adams@example.com,NULL,NULL,NULL
187,"Sophia Nelson",sophia.nelson@example.com,NULL,NULL,NULL
188,"Liam Hernandez",liam.hernandez@example.com,NULL,NULL,NULL
189,"Olivia Green",olivia.green@example.com,NULL,NULL,NULL
190,"Noah Campbell",noah.campbell@example.com,NULL,NULL,NULL
191,"Emma Gonzalez",emma.gonzal@example.com,NULL,NULL,NULL
192,"Mason Allen",mason.all@example.com,NULL,NULL,NULL
193,"Sophia Nelson",sophia.nel@example.com,NULL,NULL,NULL
194,"Jackson Adams",jackson.adam@example.com,NULL,NULL,NULL
195,"Zoe Thompson",zoe.thomp@example.com,NULL,NULL,NULL
196,"Emma Wright",emma.wrig@example.com,NULL,NULL,NULL
197,"Jack Baker",jack.bak@example.com,NULL,NULL,NULL
198,"Amelia King",amelia.kin@example.com,NULL,NULL,NULL
199,"Sophia Davis",sophia.dav@example.com,NULL,NULL,NULL
200,"Liam Harris",liam.har@example.com,NULL,NULL,NULL
201,"Olivia Clark",olivia.cla@example.com,NULL,NULL,NULL
202,"Noah Lewis",noah.lew@example.com,NULL,NULL,NULL
203,"Ava Robinson",ava.rob@example.com,NULL,NULL,NULL
204,"Mason Martinez",mason.mart@example.com,NULL,NULL,NULL
205,"Sophia Anderson",sophia.ander@example.com,NULL,NULL,NULL
206,"Jackson Harris",jackson.har@example.com,NULL,NULL,NULL
207,"Zoe Thompson",zoe.thom@example.com,NULL,NULL,NULL
208,"Ava Scott",ava.scot@example.com,NULL,NULL,NULL
209,"Mason Green",mason.gre@example.com,NULL,NULL,NULL
210,"Sophia Baker",sophia.bak@example.com,NULL,NULL,NULL
211,"Liam Campbell",liam.camp@example.com,NULL,NULL,NULL
212,"Emma Gonzalez",emma.gonz@example.com,NULL,NULL,NULL
213,"Noah Allen",noah.all@example.com,NULL,NULL,NULL
214,"Charlotte Wright",charlotte.wrig@example.com,NULL,NULL,NULL
215,"Ava Hill",ava.hil@example.com,NULL,NULL,NULL
216,"Jack Adams",jack.adam@example.com,NULL,NULL,NULL
217,"Sophia Nelson",sophia.neln@example.com,NULL,NULL,NULL
218,"Liam Hernandez",liam.hern@example.com,NULL,NULL,NULL
219,"Olivia Green",olivia.gre@example.com,NULL,NULL,NULL
220,"Noah Campbell",noah.camp@example.com,NULL,NULL,NULL
221,"Emma Gonzalez",emma.goz@example.com,NULL,NULL,NULL
222,"Mason Allen",mason.al@example.com,NULL,NULL,NULL
223,"Sophia Anderson",sophia.and@example.com,NULL,NULL,NULL
224,"Jackson Adams",jackson.aa@example.com,NULL,NULL,NULL
225,"Zoe Thompson",zoe.thop@example.com,NULL,NULL,NULL
226,"Ava Scott",ava.sco@example.com,NULL,NULL,NULL
227,"Mason Green",mason.gr@example.com,NULL,NULL,NULL
228,"Sophia Baker",sophia.bk@example.com,NULL,NULL,NULL
229,"Liam Campbell",liam.cp@example.com,NULL,NULL,NULL
230,"Emma Gonzalez",emma.gn@example.com,NULL,NULL,NULL
231,"Noah Allen",noah.al@example.com,NULL,NULL,NULL
232,"Charlotte Wright",charlotte.wr@example.com,NULL,NULL,NULL
233,"Ava Hill",ava.hil2@example.com,NULL,NULL,NULL
234,"Jack Adams",jack.adam2@example.com,NULL,NULL,NULL
235,"Sophia Nelson",sophia.nelson2@example.com,NULL,NULL,NULL
236,"Liam Hernandez",liam.hernandez2@example.com,NULL,NULL,NULL
237,"Olivia Green",olivia.green2@example.com,NULL,NULL,NULL
238,"Noah Campbell",noah.campbell2@example.com,NULL,NULL,NULL
239,"Emma Gonzalez",emma.gonzalez3@example.com,NULL,NULL,NULL
240,"Mason Allen",mason.allen2@example.com,NULL,NULL,NULL
241,"Sophia Nelson",sophia.nelson3@example.com,NULL,NULL,NULL
242,"Jackson Adams",jackson.adams2@example.com,NULL,NULL,NULL
243,"Zoe Thompson",zoe.thompson2@example.com,NULL,NULL,NULL
244,"Ava Scott",ava.scott2@example.com,NULL,NULL,NULL
245,"Mason Green",mason.green2@example.com,NULL,NULL,NULL
246,"Sophia Baker",sophia.baker2@example.com,246,2025-01-04,6100.00
247,"Liam Campbell",liam.campbell2@example.com,247,2025-01-05,6150.00
248,"Emma Gonzalez",emma.gonzalez4@example.com,248,2025-01-06,6200.00
249,"Noah Allen",noah.allen2@example.com,249,2025-01-07,6250.00
250,"Charlotte Wright",charlotte.wright2@example.com,250,2025-01-08,6300.00
251,"Ava Hill",ava.hill3@example.com,251,2025-01-09,6350.00
252,"Jack Adams",jack.adams3@example.com,252,2025-01-10,6400.00
253,"Sophia Nelson",sophia.nelson4@example.com,253,2025-01-11,6450.00
